,city,meal_cheap,meal_mid,meal_mcd,r_beer_dom,r_beer_imp,r_cappuccino,r_coke,r_water,milk_1L,bread_white,rice_1kg,eggs_doz,cheese_local_1kg,chicken_fillet_1kg,beef_round_1kg,apple_1kg,banana_1kg,orange_1kg,tomato_1kg,potato_1kg,onion_1kg,lettuce,water_1.5L,winebottle_mid,beer_dom,beer_imp,cigarettes_20,ticket,ticket_month,taxi_start,taxi_1km,taxi_1hrwait,gas_1L,vw_golf,toyota_corolla,basic,mobile_1min,internet,gym_month,tennis_rent,cinema,preschool,primary_school,jeans,summer_dress,shoes_running,shoes_business,bed1_centre,bed1_out,bed3_centre,bed3_out,buy_centre,buy_out,salary,mortgage,data_quality,lat,lng,province,population
0,Toronto,18.53,85.23,9.63,5.19,6.36,3.59,1.95,1.53,2.52,2.54,2.93,2.96,11.48,11.92,13.14,3.2,1.26,3.19,3.36,2.81,2.47,2.3,1.67,11.86,2.34,2.78,12.78,2.41,115.62,3.31,1.3,22.98,1.44,20752.19,19623.25,127.96,0.33,54.91,46.66,17.4,11.12,1159.76,19673.2,60.67,37.89,91.66,102.73,1728.5,1426.71,2733.4,2302.11,9834.67,7249.17,3249.79,5.24,1,43.7417,-79.3733,Ontario,5429524.0
1,Montreal,14.82,66.7,9.63,5.93,5.93,3.57,1.76,1.37,2.17,2.81,2.9,2.87,11.4,11.07,12.68,3.17,1.49,3.11,3.47,1.84,1.96,2.08,1.68,11.86,2.4,2.69,11.12,2.59,69.67,2.96,1.3,30.57,1.47,22234.49,19365.84,80.09,0.37,47.56,29.68,14.02,11.12,667.5,8449.11,62.79,35.84,92.97,111.49,1045.58,800.16,1846.59,1342.69,6069.66,3487.84,2823.94,5.41,1,45.5089,-73.5617,Quebec,3519595.0
2,Vancouver,18.16,83.38,8.89,5.19,6.67,3.8,1.94,1.77,2.19,2.61,3.44,3.58,12.69,11.52,14.7,3.15,1.43,3.44,3.49,2.69,1.99,2.28,1.92,14.82,2.49,2.95,14.08,2.3,95.24,2.78,1.43,26.9,1.58,22234.49,19160.9,91.93,0.26,62.95,46.24,11.3,12.6,1059.84,20793.42,58.69,37.87,87.35,114.61,1799.96,1502.8,3373.09,2341.43,9983.22,7902.75,3474.89,4.46,1,49.25,-123.1,British Columbia,2264823.0
3,Calgary,18.53,63.0,8.89,5.19,5.93,3.75,1.75,1.53,1.73,2.18,2.57,2.9,10.88,10.51,13.87,3.85,1.46,3.51,3.78,2.21,2.62,2.42,1.63,11.12,2.55,2.86,11.86,2.67,83.01,2.96,1.43,25.94,1.26,20752.19,19799.73,189.53,0.2,64.35,58.99,20.16,11.29,813.41,11879.57,54.07,44.06,75.78,101.91,1121.71,903.12,1976.24,1504.96,3328.49,2651.05,3807.94,4.58,1,51.05,-114.0667,Alberta,1239220.0
4,Edmonton,18.53,66.7,8.89,5.19,5.93,3.79,1.82,1.73,1.97,2.22,3.05,2.69,10.75,11.14,13.37,3.79,1.39,3.39,3.67,2.01,1.76,2.4,1.68,11.12,2.05,2.68,12.6,2.59,74.11,2.74,1.22,22.23,1.26,22234.49,18299.17,189.4,0.26,59.09,46.98,14.64,11.12,711.5,59421.68,53.23,30.63,78.77,99.23,906.92,745.74,1535.36,1153.16,2200.36,1841.51,3403.02,4.82,1,53.5344,-113.4903,Alberta,1062643.0
5,Ottawa,18.53,63.0,8.89,5.19,6.67,3.68,1.96,1.46,1.85,2.18,3.03,2.91,11.17,11.6,12.1,3.48,1.21,2.93,3.36,1.66,1.8,1.97,1.51,11.12,2.29,2.22,11.12,2.74,91.72,2.96,1.38,17.79,1.43,21122.77,19163.27,119.98,0.21,59.52,52.35,23.82,11.12,971.73,14267.13,53.31,36.26,78.89,106.68,1271.64,1000.55,2040.48,1612.0,4884.05,3616.54,3319.71,5.33,1,45.4247,-75.695,Ontario,989567.0
6,Winnipeg,14.82,55.59,8.22,4.45,5.19,3.38,1.76,1.52,1.34,1.94,2.95,2.78,9.22,10.68,13.14,3.62,1.38,3.53,3.76,2.56,2.35,2.26,1.59,11.12,2.64,3.25,13.71,2.3,77.08,2.78,1.19,23.2,1.4,20011.04,19189.0,145.32,0.28,60.69,33.21,21.68,10.38,526.77,12398.94,44.07,30.8,72.67,94.92,817.87,843.69,1349.06,1295.92,3038.71,2649.61,2145.63,4.5,1,49.8844,-97.1464,Manitoba,705244.0
7,Quebec City,14.88,59.29,9.63,5.19,5.19,3.48,1.55,1.12,1.54,2.43,3.28,2.65,11.9,8.89,13.75,2.87,1.36,2.73,3.4,2.43,1.57,1.7,0.95,11.12,1.54,2.54,10.38,2.59,65.96,2.59,1.3,28.9,1.44,18528.74,16075.54,96.59,0.33,50.98,36.48,28.16,10.38,662.54,6333.84,53.94,32.7,76.43,101.91,721.93,588.1,1242.85,929.81,7736.1,1752.82,3012.07,5.06,1,46.8139,-71.2081,Quebec,705103.0
8,Kitchener,14.82,72.63,8.89,3.71,4.26,2.47,1.22,1.4,1.77,2.34,2.68,2.91,11.51,10.7,15.56,2.91,1.1,3.75,3.93,1.48,1.77,1.85,1.47,11.12,2.35,3.65,11.12,2.66,66.7,2.59,1.56,25.94,1.41,18667.34,18975.55,152.05,0.19,57.06,31.31,16.68,11.12,815.26,,44.62,34.28,66.6,94.29,1289.29,1159.47,1780.81,1650.29,5966.09,5661.11,3369.02,6.3,1,43.4186,-80.4728,Ontario,470015.0
9,Halifax,14.82,66.7,8.89,5.19,5.19,3.53,1.78,1.7,1.8,2.26,4.3,3.41,9.39,11.43,11.47,3.82,1.66,3.73,3.9,2.62,2.52,2.6,1.43,14.82,2.8,3.28,14.08,2.04,61.14,2.78,1.3,22.23,1.42,22234.49,20121.54,140.5,0.16,75.81,44.31,16.8,11.12,651.59,12784.83,66.02,36.41,88.89,102.9,1217.45,973.06,1919.75,1504.86,3764.62,2099.92,3072.15,4.63,1,44.6475,-63.5906,Nova Scotia,403131.0
10,Victoria,18.53,66.7,8.89,5.93,5.93,3.73,1.98,1.77,2.49,2.68,3.52,3.61,12.2,12.78,13.45,3.65,1.27,3.88,4.78,2.67,2.47,2.52,1.88,14.08,2.51,2.73,12.6,1.85,63.0,2.72,1.89,30.88,1.59,23716.79,19371.8,97.44,0.18,70.19,50.79,11.63,11.08,914.08,12955.3,60.16,31.54,80.26,106.05,1488.87,1206.06,2519.91,2060.06,7659.7,5498.61,3521.25,4.36,1,48.4283,-123.3647,British Columbia,335696.0
11,Mississauga,11.12,59.29,8.89,4.82,5.19,3.38,1.41,1.15,1.79,2.13,2.16,2.99,9.73,9.19,11.13,2.96,1.04,2.55,3.14,2.58,2.15,2.08,1.11,10.86,1.96,2.22,11.12,2.78,107.1,3.15,1.85,25.94,1.39,19739.78,18733.3,125.29,0.68,55.32,42.15,25.2,9.91,1171.02,26681.39,48.1,39.84,94.62,103.35,1570.31,1386.53,2391.63,2072.37,7214.73,5614.65,3413.29,4.72,1,43.6,-79.65,Ontario,721599.0
12,Hamilton,14.08,61.14,8.89,5.19,5.56,3.43,1.86,1.28,1.62,2.48,4.13,2.98,13.96,12.79,13.54,4.29,1.49,3.52,3.74,1.68,2.33,1.96,2.11,11.12,1.91,2.62,10.67,2.41,81.53,3.26,1.33,25.73,1.42,20826.31,19615.76,155.17,0.21,61.41,41.03,19.76,13.34,839.97,11117.25,51.65,41.23,76.8,90.58,1193.25,1078.0,1897.34,1835.77,4295.76,4265.05,2816.37,4.62,1,43.2567,-79.8692,Ontario,693645.0
13,Brampton,11.12,66.7,7.41,5.0,5.19,2.61,1.66,0.98,1.66,1.92,1.76,2.24,14.82,8.47,13.06,3.12,1.44,3.42,2.98,1.76,1.3,1.82,1.31,11.12,1.85,1.85,12.01,2.96,88.94,3.71,1.48,18.53,1.48,19269.89,18565.8,238.29,0.3,57.39,30.28,19.15,11.12,885.26,12599.55,39.36,31.45,63.28,59.7,1425.48,1135.45,1837.27,1662.05,6307.5,4844.93,3489.58,4.89,1,43.6833,-79.7667,Ontario,593638.0
14,Surrey,13.34,59.29,7.41,5.1,5.56,3.9,1.63,1.35,1.74,1.98,3.64,2.95,11.36,12.2,11.22,2.77,1.16,2.27,2.57,1.49,2.54,2.01,2.19,13.33,2.12,3.8,13.34,2.43,88.94,2.48,1.46,26.26,1.56,18528.74,17682.6,168.08,0.27,67.17,31.76,24.09,11.49,907.91,2594.02,43.94,35.11,80.74,105.0,1255.84,1020.77,2390.21,1741.7,9041.36,5584.37,3800.35,5.32,1,49.19,-122.8489,British Columbia,517887.0
15,Laval,13.63,51.88,11.12,2.22,4.45,3.34,1.67,1.02,1.72,2.12,2.2,2.34,11.27,10.26,11.83,2.66,1.45,2.26,3.03,1.84,2.08,2.13,1.75,12.41,2.96,2.41,9.63,2.59,67.07,2.89,2.22,25.2,1.44,17042.74,14415.36,79.52,0.21,44.84,18.23,17.79,9.45,218.64,4570.42,45.7,33.35,87.09,76.71,852.32,629.98,1000.55,1259.95,4817.47,4359.44,2734.02,5.27,1,45.5833,-73.75,Quebec,422993.0
16,London,16.68,74.11,9.63,4.45,4.45,3.4,1.85,1.4,1.7,2.21,2.73,2.69,10.85,7.99,12.81,3.28,1.12,3.01,4.0,1.78,1.8,1.97,1.36,11.12,2.39,2.96,10.67,2.22,70.41,2.87,1.48,18.53,1.39,22234.49,18462.91,129.73,0.25,59.7,29.12,26.68,11.11,963.49,17726.87,68.6,37.39,79.77,90.61,1348.08,1067.55,2559.89,1581.36,7101.66,3464.88,3446.3,4.53,1,42.9836,-81.2497,Ontario,383822.0
17,Markham,20.49,88.94,8.89,4.08,4.63,3.01,2.16,1.69,2.66,1.85,1.84,2.59,10.33,10.87,15.07,2.84,1.15,2.65,3.58,1.86,1.81,2.0,1.41,13.34,2.56,2.48,11.12,2.89,113.4,3.15,1.63,19.27,1.43,18528.74,18207.58,122.27,0.43,43.78,43.41,11.12,10.75,704.09,17305.85,52.41,37.06,88.01,107.37,1500.83,1315.54,2421.09,2223.45,11168.74,9573.2,3186.84,6.0,1,43.8767,-79.2633,Ontario,328966.0
18,St. Catharines,16.68,55.59,8.15,5.0,4.08,2.9,1.07,1.01,1.79,1.87,3.76,2.41,9.38,8.17,12.59,2.89,1.19,2.56,2.94,1.78,2.22,2.14,1.39,10.38,1.04,2.63,10.75,2.22,68.19,2.96,2.96,18.75,1.46,27422.54,19566.35,146.61,0.23,61.43,26.87,19.76,8.89,592.92,,35.58,26.4,65.47,82.27,1160.93,1005.55,1593.47,1480.17,3316.8,4452.18,4508.66,6.25,1,43.1833,-79.2333,Ontario,309319.0
19,Vaughan,14.82,74.11,10.01,4.45,5.93,3.46,1.81,1.57,2.4,2.13,3.21,2.51,12.6,13.66,6.52,3.15,1.68,3.07,3.11,2.27,2.39,1.65,1.95,13.71,2.22,3.55,11.12,2.88,115.62,2.85,1.67,22.23,1.41,18158.17,20999.24,161.96,0.22,56.77,34.28,29.65,9.63,1111.72,17787.59,54.42,40.76,83.53,114.75,1704.64,1445.24,2964.6,2223.45,5188.05,3705.75,3335.17,4.88,1,43.8333,-79.5,Ontario,306233.0
20,Gatineau,22.23,44.47,8.52,5.19,6.41,2.81,1.53,1.34,1.78,2.43,3.87,2.57,8.17,6.4,8.42,3.28,1.25,2.64,5.36,1.6,2.08,1.45,1.18,8.89,3.42,,8.96,2.96,74.11,3.06,1.3,22.23,1.4,19481.12,15010.75,88.18,0.37,47.25,42.06,14.82,8.89,449.63,8893.8,40.23,27.0,75.35,85.97,929.22,768.94,1245.13,1119.14,3705.75,2433.19,2352.22,4.41,1,45.4833,-75.65,Quebec,276245.0
21,Windsor,14.82,59.29,8.89,4.26,5.0,3.54,1.56,1.29,1.44,1.68,2.06,2.55,10.68,8.36,8.88,3.23,1.04,3.65,2.37,1.69,1.72,2.11,1.71,14.08,2.22,2.87,10.48,2.41,96.67,2.85,1.84,25.2,1.31,20381.62,19869.48,149.29,0.21,60.39,39.07,18.03,9.63,382.93,2739.29,50.3,34.55,80.54,85.23,1017.02,1001.95,1626.41,1519.36,4651.1,1994.42,2979.01,6.76,1,42.2833,-83.0,Ontario,276165.0
22,Saskatoon,14.82,55.59,8.89,5.19,6.3,3.29,2.16,1.65,1.84,1.91,3.05,3.19,10.28,10.9,10.93,3.15,1.44,3.11,2.88,1.91,1.74,2.49,1.98,11.12,2.98,3.52,12.97,2.22,61.52,2.96,1.45,22.23,1.35,20752.19,20322.33,210.42,0.25,54.66,38.31,13.34,11.86,567.6,7893.24,48.17,41.92,83.17,109.32,889.38,708.88,1357.23,1257.31,2393.3,3191.07,3239.88,4.66,1,52.1333,-106.6833,Saskatchewan,246376.0
23,Burnaby,12.6,59.29,8.89,4.45,5.93,3.18,1.67,1.17,1.46,2.14,1.96,2.64,10.8,8.55,12.11,3.45,1.51,3.02,4.57,3.25,3.79,1.56,1.08,11.12,2.5,2.78,11.12,2.32,99.31,2.59,1.43,25.54,1.68,21493.34,16851.89,99.56,0.19,63.53,29.65,14.82,11.12,922.73,8671.45,47.53,34.28,77.61,75.97,1556.41,1452.65,3302.81,2198.74,6781.02,6781.02,3460.62,7.4,1,49.2667,-122.9667,British Columbia,232755.0
24,Regina,12.23,59.29,9.63,5.19,5.93,3.2,2.17,1.67,1.5,1.89,2.11,2.97,9.4,10.97,11.88,3.06,1.18,3.66,2.51,2.4,2.2,2.13,1.24,12.23,2.18,1.85,13.19,2.41,65.22,3.34,2.15,22.23,1.41,22234.49,22582.83,175.71,0.09,60.21,37.24,12.04,10.01,592.92,,52.81,30.39,73.19,91.72,710.27,694.83,1289.6,1082.08,1994.42,1934.58,3722.32,5.22,1,50.4547,-104.6067,Saskatchewan,215106.0
25,Richmond,14.82,59.29,8.89,5.56,5.93,4.32,1.98,1.45,2.05,2.38,3.56,3.3,14.29,9.36,18.7,3.54,1.26,3.7,5.48,3.63,4.61,2.03,1.36,13.34,1.85,2.59,,2.33,74.3,,,8.89,1.64,18158.17,24210.89,148.54,0.48,53.12,36.87,9.88,11.12,1037.61,6999.75,32.12,39.03,71.64,97.24,1411.89,1507.0,3816.92,2594.02,9573.2,7778.23,3740.95,5.6,1,49.1667,-123.1333,British Columbia,198309.0
26,Oakville,15.56,63.0,10.38,5.19,8.52,3.27,1.95,2.06,1.87,2.32,2.08,3.34,10.57,10.74,9.09,3.87,1.85,4.52,4.73,2.54,1.92,2.39,2.68,11.12,2.44,2.57,11.12,2.96,107.1,3.24,1.86,22.23,1.37,19823.9,19060.25,152.66,0.33,58.27,40.44,14.03,11.12,1457.59,17046.44,45.28,62.75,82.6,139.55,1457.59,1358.77,2519.91,2421.09,,6190.67,3554.34,6.66,1,43.45,-79.6833,Ontario,193832.0
27,Burlington,16.68,66.7,8.64,5.19,5.93,3.08,1.67,1.5,2.08,2.27,2.28,2.77,15.53,8.32,14.94,3.06,1.28,3.51,5.56,1.22,1.65,1.9,2.59,11.86,2.14,3.26,12.6,2.59,51.14,2.59,2.37,22.23,1.47,21493.34,20208.68,105.24,0.17,54.57,33.72,12.97,11.48,1173.24,16675.87,44.96,33.35,84.61,119.14,1545.83,1346.42,2371.68,2056.69,7429.2,7166.61,4435.78,6.21,1,43.3167,-79.8,Ontario,183314.0
28,Barrie,14.82,59.29,9.63,4.82,5.37,3.33,1.95,1.69,1.96,2.22,2.43,3.2,8.28,12.63,18.39,3.78,1.93,2.99,4.75,3.08,3.86,2.71,0.56,11.12,1.8,2.47,11.86,2.41,77.08,2.41,1.85,22.23,1.39,18528.74,22492.41,182.1,0.44,66.15,36.13,18.53,9.63,963.49,,51.88,36.73,69.17,102.28,1375.76,1232.16,1964.05,1951.69,11966.5,9573.2,3335.17,6.94,1,44.3711,-79.6769,Ontario,172657.0
29,Oshawa,16.68,63.66,8.89,3.71,4.82,3.15,1.38,1.17,3.12,2.02,3.26,2.6,14.82,12.23,9.63,2.91,1.28,3.95,2.65,4.56,4.08,2.18,1.61,11.12,2.79,4.82,11.12,2.69,88.94,2.96,2.96,22.23,1.44,18528.74,24272.65,153.46,0.32,61.89,45.7,29.65,10.01,852.32,,40.76,47.25,106.54,85.23,1216.72,1037.61,1871.4,2001.1,,,5188.05,7.3,1,43.9,-78.85,Ontario,166000.0
30,Sherbrooke,11.12,59.29,8.15,4.45,5.48,2.73,1.85,1.46,1.85,2.18,3.03,2.83,7.54,10.57,7.96,3.36,1.21,2.93,3.36,1.66,1.8,1.39,1.51,11.12,2.29,2.22,10.38,2.45,60.48,2.59,1.3,17.79,1.43,17038.29,15544.13,119.98,0.21,40.47,19.15,0.0,7.04,444.69,14267.13,51.88,36.26,70.41,106.68,489.16,426.16,1051.51,870.85,,,2692.84,5.33,0,45.4,-71.9,Quebec,161323.0
31,Saguenay,17.23,68.56,7.41,4.08,4.82,2.41,1.54,1.28,1.48,2.41,2.96,2.35,12.41,9.51,17.96,2.49,0.98,4.07,2.43,0.82,1.63,1.66,0.85,11.12,2.01,2.04,8.15,2.41,54.1,2.5,1.57,28.9,1.53,16516.52,18380.51,83.34,,45.4,23.16,,8.89,611.45,5929.2,53.73,37.06,65.78,74.11,370.57,259.4,667.03,481.75,,,,5.88,0,48.4167,-71.0667,Quebec,144746.0
32,Kelowna,11.12,61.14,8.89,5.19,5.19,3.71,1.76,1.67,1.93,2.25,2.91,3.3,10.2,10.69,13.57,3.24,1.22,3.09,3.22,2.02,1.81,2.32,1.82,13.34,2.83,3.64,12.6,1.85,51.88,2.69,1.67,28.06,1.5,21971.38,18477.75,100.35,0.31,68.13,45.28,21.31,9.45,793.03,18009.94,49.66,34.28,74.92,91.25,1301.03,1079.54,2206.98,1804.14,3875.6,2910.15,3119.7,6.01,1,49.8881,-119.4956,British Columbia,142146.0
33,Abbotsford,13.34,59.29,7.41,4.45,5.6,3.15,1.5,1.1,1.84,1.85,3.95,2.69,14.82,10.17,14.45,2.6,0.77,2.91,3.93,1.66,0.73,1.67,1.76,10.93,3.15,4.26,18.53,1.67,38.54,2.52,1.39,29.65,1.52,18158.17,18405.22,142.92,0.33,53.55,27.18,,11.12,555.86,7411.5,43.54,26.31,77.63,106.23,1259.95,1074.67,2841.07,2025.81,4446.9,5107.76,2643.43,6.83,0,49.05,-122.3167,British Columbia,141397.0
34,Coquitlam,14.82,53.73,8.52,5.19,5.93,3.34,1.67,1.5,1.9,1.51,3.34,3.18,8.89,11.35,12.23,2.78,1.61,3.2,4.27,1.25,3.19,1.95,1.46,14.82,1.85,1.85,13.34,2.22,88.94,3.09,2.52,24.87,1.65,22234.49,17984.93,83.32,0.22,56.05,35.58,13.59,11.12,889.38,11858.4,49.1,29.18,83.38,102.37,1389.66,1259.95,2501.38,2334.62,6281.24,6281.24,,6.03,1,49.2839,-122.7919,British Columbia,139284.0
35,Trois-Rivieres,12.23,63.0,7.41,4.08,6.67,2.41,1.67,1.28,1.53,2.74,5.6,2.63,19.14,12.83,10.02,2.49,2.13,4.81,3.7,2.09,4.07,2.48,1.53,11.86,2.52,2.7,8.15,2.59,55.77,2.5,1.11,28.9,1.52,16516.52,20176.32,83.34,0.19,45.4,45.46,15.93,8.89,518.8,5929.2,60.22,37.06,65.78,95.42,415.04,487.92,765.85,629.98,1778.76,963.49,2038.16,7.5,0,46.35,-72.55,Quebec,134413.0
36,Guelph,14.08,74.11,7.41,4.08,5.37,3.41,1.54,1.35,1.62,2.53,3.36,3.6,20.38,10.19,15.13,2.98,1.19,3.89,2.97,1.94,3.06,2.62,2.03,12.23,2.36,2.32,11.86,2.22,59.29,2.22,1.78,23.72,1.39,17046.44,17118.71,127.46,0.32,60.14,38.05,6.42,11.49,963.49,,43.91,25.94,77.41,87.09,1262.43,1181.72,2000.28,1900.64,4516.94,3416.95,3384.58,8.07,1,43.55,-80.25,Ontario,131794.0
37,Cambridge,15.56,61.14,9.63,5.0,4.71,3.11,1.47,1.15,1.95,2.32,2.08,2.7,7.04,10.01,9.09,1.85,0.87,1.41,4.06,2.17,1.53,1.68,1.59,10.47,2.31,2.57,11.12,2.59,66.7,2.96,1.37,22.23,1.37,19823.9,19060.25,124.15,0.33,58.27,74.11,,11.12,815.26,17046.44,45.28,28.41,82.6,103.51,1111.72,889.38,1852.87,1371.13,,,2272.86,7.25,0,43.3972,-80.3114,Ontario,129920.0
38,Whitby,12.97,63.66,8.89,3.71,5.19,3.08,1.54,1.04,2.32,2.02,3.26,2.6,14.82,8.32,11.12,3.06,1.28,3.71,2.65,2.22,2.22,1.9,1.61,11.12,2.22,3.71,11.12,2.78,98.94,3.52,2.37,22.23,1.39,18528.74,24272.65,153.4,0.32,50.03,30.26,10.01,10.19,852.32,16675.87,44.96,33.35,67.32,115.5,1259.95,889.38,1639.18,1334.07,8177.11,6781.02,,6.21,0,43.8833,-78.9417,Ontario,128377.0
39,Ajax,20.49,66.7,8.89,4.45,5.92,3.01,1.76,1.39,1.93,1.85,1.84,2.59,9.63,10.87,15.07,2.84,1.56,2.65,4.52,2.41,1.81,2.22,1.48,11.12,2.08,2.48,11.12,2.78,86.71,3.15,1.63,19.27,1.41,18528.74,18207.58,122.27,0.37,51.88,30.68,11.12,10.38,1037.61,17305.85,51.88,37.06,81.53,76.59,1173.49,1600.88,1741.7,1649.06,4786.6,,,3.52,0,43.8583,-79.0364,Ontario,119677.0
40,Langley,14.82,59.29,10.01,4.82,5.93,3.52,1.76,1.45,1.42,2.29,3.2,3.62,11.89,8.2,14.45,3.54,1.66,4.47,4.2,2.61,3.59,2.03,1.36,11.12,3.15,5.19,12.59,2.43,81.62,2.48,1.39,37.06,1.63,22195.58,15427.03,124.86,0.2,70.32,30.11,0.0,11.12,592.92,6999.75,48.64,36.32,79.41,99.44,1130.25,982.02,2186.39,3025.87,7678.51,5903.48,3816.92,4.51,0,49.1044,-122.5827,British Columbia,117285.0
41,Saanich,11.12,44.47,8.89,5.56,5.93,3.73,1.98,1.77,1.42,2.34,3.52,3.61,8.15,12.78,8.89,3.65,1.27,3.88,4.07,2.67,2.47,2.41,1.88,11.12,2.51,2.73,12.6,1.85,63.0,2.72,1.89,30.88,1.59,23716.79,19371.8,86.47,0.18,70.19,34.83,0.0,10.38,914.08,12955.3,60.16,31.54,80.26,106.05,1482.3,1334.07,2964.6,2223.45,,,,4.36,0,48.484,-123.381,British Columbia,114148.0
42,Moncton,17.79,59.29,7.78,4.82,5.19,3.95,1.64,1.42,2.62,2.64,3.99,3.45,10.92,9.81,8.45,4.97,1.63,4.41,3.31,3.47,4.06,2.58,2.42,13.34,3.09,3.82,14.82,2.13,51.14,2.37,1.96,22.23,1.47,15008.28,17528.19,132.35,0.49,66.05,46.69,9.88,11.12,505.83,,50.65,50.65,70.92,93.88,838.43,680.93,1387.01,1106.02,2001.1,1778.76,2328.88,5.72,1,46.1328,-64.7714,New Brunswick,108620.0
43,Waterloo,12.97,61.14,8.89,5.19,5.56,2.81,1.47,1.15,1.62,2.48,3.36,2.98,13.96,10.19,13.54,2.98,1.19,3.52,2.97,1.94,2.33,1.96,2.03,11.12,2.31,2.41,11.86,2.41,66.7,2.96,1.56,23.72,1.42,20670.67,19615.76,150.35,0.21,46.94,33.72,20.75,9.26,839.97,11117.25,37.52,28.41,72.26,90.58,1223.57,1164.66,1976.4,1692.29,7977.67,,4162.79,4.62,0,43.4667,-80.5167,Ontario,104986.0
44,Delta,12.38,68.56,7.5,4.82,5.93,3.46,1.7,1.24,1.58,1.48,2.59,2.96,,5.93,,3.71,1.48,1.48,2.96,1.48,1.48,1.48,1.48,11.12,,,8.89,2.22,,2.67,1.73,40.76,1.6,19640.47,15490.03,296.46,0.22,54.35,64.23,16.68,8.89,741.15,,49.41,15.93,64.23,84.0,982.02,,,,7295.7,5558.62,,6.54,0,49.0847,-123.0586,British Columbia,102238.0
45,Red Deer,14.82,53.73,8.8,3.71,5.19,3.39,1.48,1.45,1.53,2.24,3.06,2.58,7.22,9.3,9.29,3.67,1.5,3.05,3.56,2.03,2.2,1.74,1.66,14.82,2.79,3.8,11.38,1.85,43.54,2.67,1.45,25.2,1.22,22234.49,22234.49,196.79,0.22,72.26,45.69,29.65,9.63,518.8,,48.09,34.94,72.88,98.11,838.73,752.27,1096.9,914.08,1412.05,1497.5,3097.89,5.24,1,52.2681,-113.8111,Alberta,100418.0
46,Kamloops,14.82,50.03,7.41,4.08,3.89,3.1,1.91,1.17,2.95,2.73,3.41,4.26,8.89,11.86,17.97,3.94,1.37,3.93,2.93,2.29,2.77,2.18,1.36,11.86,2.22,2.25,12.6,1.48,40.02,2.78,1.48,25.2,1.51,27793.12,22327.14,123.3,0.49,66.05,35.95,27.18,10.38,736.87,4817.47,40.76,32.29,68.19,107.47,1089.49,984.08,1931.62,1623.12,5976.37,5434.08,2841.07,5.76,1,50.6761,-120.3408,British Columbia,100046.0
47,Newmarket,16.68,63.66,8.89,4.45,5.19,3.15,1.38,1.17,1.93,2.02,3.26,2.6,7.41,13.52,16.31,2.91,1.28,2.24,2.94,2.72,1.94,1.63,0.94,10.38,2.44,2.78,11.12,3.06,111.17,2.96,1.48,23.72,1.41,18528.74,19516.94,193.04,0.37,65.51,33.35,25.94,11.12,1651.53,35767.89,40.76,43.23,80.54,85.23,1642.88,1544.06,2322.27,2019.63,3705.75,2594.02,2421.09,4.69,0,44.05,-79.4667,Ontario,84224.0
48,White Rock,14.82,51.88,7.78,4.45,5.19,3.15,1.66,1.18,1.92,2.32,3.71,3.6,13.73,13.73,24.87,2.81,1.96,2.96,2.15,1.48,1.11,1.47,2.34,13.34,1.48,2.11,11.86,1.82,87.46,2.33,1.62,28.96,1.64,16860.42,18182.13,107.47,0.19,55.59,73.02,24.9,10.38,555.49,,51.73,33.35,85.08,88.94,1806.55,1445.24,3557.52,2223.45,,,1926.99,7.67,0,49.025,-122.8028,British Columbia,82368.0
49,Brantford,16.68,66.7,9.26,5.0,5.93,3.09,1.71,1.5,2.08,2.1,2.28,2.7,8.62,8.32,9.63,2.39,1.28,2.35,1.11,3.04,1.65,1.9,1.98,11.86,2.14,3.26,12.45,2.22,111.17,2.59,2.37,22.23,1.47,21493.34,14081.85,124.15,0.17,54.57,35.76,,9.26,815.26,16675.87,44.96,33.35,65.78,82.51,963.49,1074.67,1926.99,2371.68,,,1852.87,6.21,0,43.1667,-80.25,Ontario,97496.0
50,Lethbridge,16.68,57.44,8.52,4.82,5.74,3.33,1.71,1.48,1.51,2.53,5.87,3.74,16.28,9.79,17.48,5.11,2.46,4.31,4.78,2.18,4.08,2.82,2.11,11.12,2.59,3.77,12.04,2.32,57.07,2.71,1.61,25.94,1.28,17783.89,17440.18,202.86,0.17,67.35,47.75,15.66,13.34,870.85,14897.11,44.71,25.74,83.0,131.55,791.18,699.46,1283.89,1139.12,2153.97,1994.42,2425.54,4.85,1,49.6942,-112.8328,Alberta,92729.0
51,Pickering,16.31,55.59,7.41,4.63,5.56,3.06,1.43,1.16,1.55,1.98,2.96,2.59,9.63,9.14,14.82,2.22,0.74,4.08,4.08,2.59,2.22,1.48,1.48,14.82,2.96,5.19,10.01,2.41,86.71,2.32,0.74,37.06,1.33,18528.74,18775.79,142.05,0.37,51.88,40.76,27.79,8.89,592.92,,48.17,27.18,60.96,86.47,1222.9,1167.31,,2001.1,,,,5.25,0,43.8354,-79.089,Ontario,91771.0
52,Nanaimo,14.27,64.85,9.63,5.56,5.93,3.07,1.76,1.57,2.28,2.41,2.49,3.7,11.86,12.46,16.39,4.18,1.34,3.81,4.14,2.82,2.91,2.53,1.67,13.34,3.09,3.52,13.34,2.13,48.17,2.65,1.78,44.47,1.57,20752.19,22308.61,158.03,0.46,75.45,30.88,17.6,11.86,790.56,8646.75,49.82,36.04,75.97,96.53,1168.55,1091.22,1951.69,1825.7,3547.18,3783.68,2791.66,6.51,1,49.1642,-123.9364,British Columbia,90504.0
53,Sudbury,14.82,59.29,8.89,3.89,5.56,2.78,1.91,1.44,2.08,2.04,2.48,2.49,5.48,9.75,12.85,2.09,1.63,3.98,3.98,1.7,2.78,1.9,1.39,11.12,2.3,4.08,11.3,2.59,59.29,3.45,1.67,35.58,1.52,20750.34,26825.92,144.66,0.56,69.94,51.02,25.94,8.89,815.26,8893.8,59.79,37.06,90.1,123.12,994.38,778.21,1686.12,1630.53,3869.17,2645.93,4632.19,7.38,1,46.49,-81.01,Ontario,88054.0
54,North Vancouver,18.53,74.11,8.89,5.19,6.67,3.52,1.69,1.7,1.74,2.83,2.96,3.7,18.53,8.03,16.34,3.63,1.81,3.65,2.32,2.22,2.24,2.34,1.89,14.08,2.55,3.52,11.49,2.22,97.83,2.96,1.61,24.67,1.71,18528.74,18899.32,84.31,,65.47,72.63,10.38,11.12,963.49,13651.98,52.62,38.17,76.89,100.06,1445.24,1259.95,3211.65,2544.61,9972.09,3487.52,4076.32,5.61,1,49.3641,-123.0066,British Columbia,85935.0
55,Chilliwack,13.34,59.29,8.89,4.17,5.19,3.18,1.34,0.82,1.46,2.14,1.96,2.99,10.8,8.55,11.35,3.37,1.48,3.02,6.23,1.9,2.68,1.56,1.73,11.12,1.43,2.96,11.86,1.48,32.61,2.52,1.43,25.54,1.58,21493.34,18860.41,99.56,0.19,63.53,31.87,4.69,10.37,922.73,7411.5,47.53,30.24,70.41,75.97,1074.67,1167.31,1852.87,2371.68,2792.18,,,6.83,0,49.1577,-121.9509,British Columbia,83788.0
56,Maple Ridge,14.82,59.29,8.15,4.17,5.0,3.06,1.36,1.41,1.91,2.22,4.82,3.09,12.23,7.91,11.12,4.94,1.73,3.55,3.15,2.46,2.22,1.7,2.22,14.82,2.34,1.82,11.12,2.15,81.53,2.93,1.25,28.16,1.28,21048.65,21147.47,103.84,0.26,100.06,30.57,29.65,11.12,864.67,,40.58,61.76,99.13,104.69,1259.95,1010.93,1889.93,1867.7,,,,5.62,0,49.2167,-122.6,British Columbia,82256.0
57,Peterborough,14.82,48.17,10.19,4.82,5.93,3.11,1.79,2.04,2.0,2.59,4.51,2.37,11.47,8.54,24.37,3.29,1.67,3.06,3.01,3.15,2.89,2.09,1.82,11.49,2.58,3.99,11.86,1.95,44.47,3.61,0.76,25.2,1.52,16516.52,16698.35,127.09,0.11,48.92,33.35,14.82,10.56,852.63,8893.8,38.91,30.88,65.31,90.79,1062.31,1035.14,1389.66,1463.77,,,1748.87,6.67,1,44.3,-78.3167,Ontario,82094.0
58,Prince George,15.56,59.29,7.41,4.35,5.56,3.26,1.95,1.68,2.08,2.27,3.31,3.57,7.8,8.95,17.22,4.05,1.05,3.61,2.59,3.95,3.27,2.71,2.59,14.08,2.96,2.96,13.25,1.85,44.47,2.63,1.48,28.9,1.54,22234.49,22852.12,109.07,0.33,61.52,42.86,17.29,9.08,741.15,,46.94,32.98,96.35,91.25,944.97,778.21,1676.85,1806.55,,1292.38,2779.31,4.36,1,53.9169,-122.7494,British Columbia,74003.0
59,Sault Ste. Marie,14.82,51.88,9.63,4.08,5.56,3.34,1.76,1.45,1.93,2.11,3.7,2.3,8.27,8.21,12.23,3.23,0.95,3.73,3.0,1.65,1.03,2.36,1.66,11.12,3.13,2.47,8.15,2.22,53.88,3.34,1.52,29.65,1.37,17417.02,15564.14,168.3,0.09,66.7,43.54,0.0,8.89,518.8,5188.05,47.25,30.57,71.89,97.09,926.44,833.79,1247.6,1420.54,1930.6,2536.9,2317.33,6.9,1,46.5333,-84.35,Ontario,73368.0
60,Sarnia,16.68,59.29,9.26,4.08,4.45,2.41,1.79,1.3,2.92,2.15,4.09,3.05,19.67,14.23,15.82,3.39,1.71,3.51,2.56,2.82,2.58,2.68,1.57,10.01,2.14,3.64,10.38,2.22,56.7,3.4,1.6,25.2,1.28,25032.33,20742.31,171.13,0.13,61.3,31.13,11.12,8.89,481.78,,49.9,29.65,80.34,94.57,845.65,814.34,1704.64,1741.7,2316.09,1876.04,1630.53,6.19,1,42.9994,-82.3089,Ontario,71594.0
61,Chateauguay,8.89,29.65,5.56,,,2.59,,,1.46,2.55,2.59,2.22,8.15,15.31,,2.44,1.26,4.44,4.82,1.67,3.7,1.9,1.62,8.81,,,,,,,,,1.33,,,,,,,,,,,,,,,,,,,,,,,0,45.38,-73.75,Quebec,70812.0
62,St. Albert,18.53,66.7,8.15,4.17,5.93,3.06,1.36,1.41,1.92,2.22,3.05,3.09,10.75,11.14,13.37,3.79,1.39,3.39,3.15,2.01,1.76,1.7,1.68,11.86,2.05,1.82,11.12,2.37,68.93,2.93,1.22,22.23,1.26,21122.77,19516.94,161.14,0.26,59.09,39.84,,11.12,785.62,59421.68,40.58,35.82,78.77,99.23,907.91,778.21,1111.72,963.49,,,3458.7,5.1,0,53.6303,-113.6258,Alberta,65589.0
63,Granby,11.86,44.47,7.41,3.34,5.19,2.96,1.55,1.12,1.54,2.43,3.28,2.5,11.9,8.89,7.41,2.87,1.36,2.73,3.4,1.73,1.57,1.6,0.95,11.12,1.48,2.22,10.38,2.59,,2.59,1.3,28.9,1.44,18528.74,14822.99,96.59,0.15,44.47,28.53,,6.3,662.54,6333.84,53.94,32.7,76.43,101.91,455.81,444.69,713.36,667.03,,,1852.87,2.0,0,45.4,-72.7333,Quebec,63433.0
64,St. Thomas,,,,,,,,,3.07,2.59,2.22,2.69,12.24,5.56,11.44,5.93,1.68,3.71,4.23,4.67,3.8,2.96,1.66,16.68,2.12,1.85,9.63,,,,,37.06,1.51,,,,,148.23,,,,,,,,,,,,,,,,,2.2,0,42.775,-81.1833,Ontario,61707.0
65,Fredericton,18.53,59.29,8.89,4.45,5.93,3.36,1.64,1.37,2.1,2.47,5.37,2.74,14.54,11.73,13.14,4.85,1.41,3.53,4.24,2.0,2.32,2.28,1.42,11.12,2.94,3.22,12.23,2.04,59.29,4.45,1.56,25.2,1.37,22234.49,21863.73,125.48,0.06,74.95,46.57,17.79,10.65,541.04,22234.49,59.2,28.41,87.88,123.52,861.38,801.68,1313.69,993.14,,,3242.84,6.55,1,45.9636,-66.6431,New Brunswick,58220.0
66,Welland,14.08,63.0,7.41,5.0,5.37,3.15,1.39,1.35,1.79,1.98,3.36,2.58,11.98,8.17,12.59,2.98,1.19,2.56,2.94,1.78,2.22,2.14,2.03,11.12,2.36,2.32,10.75,2.41,63.0,2.59,1.78,18.75,1.46,21485.93,17118.71,127.46,0.23,61.43,24.95,11.12,9.63,592.92,,43.91,26.4,77.41,87.09,1037.61,1000.55,1729.35,1482.3,,,2408.74,6.25,0,42.9833,-79.2333,Ontario,52293.0
67,Belleville,11.12,37.06,8.89,4.45,5.93,2.94,1.52,1.41,2.4,2.13,2.96,2.51,12.6,9.42,6.52,3.15,1.48,2.59,1.48,2.22,0.74,0.74,0.74,10.01,2.22,3.55,11.12,2.22,48.17,2.85,2.63,25.2,1.41,18158.17,20999.24,161.96,0.22,56.77,40.76,22.23,9.26,1111.72,17787.59,48.17,29.65,83.53,91.41,926.44,778.21,2001.1,1704.64,,,2554.99,4.31,0,44.1667,-77.3833,Ontario,50716.0
68,Brandon,7.41,55.59,7.41,4.45,5.19,3.38,1.76,1.52,1.34,1.63,2.95,2.6,9.22,8.15,11.12,1.85,1.31,1.67,2.59,1.48,1.11,1.67,1.59,8.89,2.64,3.25,13.71,1.19,62.63,2.78,1.19,23.2,1.4,20011.04,19189.0,112.41,0.28,59.04,42.0,,8.15,526.77,12398.94,34.09,30.8,65.96,29.65,629.98,1184.91,2704.7,2876.9,,,1817.3,4.5,0,49.8483,-99.95,Manitoba,48859.0
69,Rimouski,14.88,59.29,6.41,3.71,3.71,2.22,1.48,1.12,1.54,2.22,3.28,2.22,11.9,8.89,13.75,2.87,0.52,2.73,3.4,2.43,1.57,1.7,0.95,11.12,1.54,2.54,10.38,,44.47,2.59,1.3,28.9,1.44,18528.74,16075.54,96.59,0.33,50.98,20.75,,10.38,662.54,6333.84,29.65,32.7,59.29,101.91,478.04,444.69,963.49,741.15,,,,5.06,0,48.45,-68.53,Quebec,48664.0
70,Cornwall,11.86,63.0,10.01,4.45,5.93,2.68,1.73,1.54,2.09,2.35,1.68,3.12,3.7,7.02,10.02,5.28,1.82,2.75,4.05,2.09,2.78,1.97,0.77,11.02,1.48,4.11,10.91,2.59,58.9,2.96,1.11,23.94,1.53,20011.04,14822.99,61.57,0.19,80.79,28.16,14.82,10.01,518.8,,35.2,22.23,85.23,111.17,802.91,667.03,1267.74,1408.18,2335.02,2335.02,,6.55,0,45.0275,-74.74,Ontario,46589.0
71,Victoriaville,,,7.41,7.41,8.89,3.71,1.48,1.48,1.48,2.04,1.88,2.22,,3.71,,1.11,1.07,2.22,2.22,0.74,0.67,0.93,1.11,11.12,3.71,1.48,5.93,,,2.59,1.48,44.47,1.39,15934.72,16800.01,259.4,0.22,48.17,18.53,,6.67,715.21,,59.29,44.47,89.43,92.64,333.52,296.46,518.8,,,,1593.47,2.2,0,46.05,-71.9667,Quebec,45309.0
72,Vernon,13.34,55.59,7.41,4.45,5.74,3.06,1.64,1.33,2.23,1.8,4.62,2.56,9.08,8.52,11.3,3.15,1.32,2.99,2.84,1.59,1.19,1.67,1.48,11.12,2.6,5.93,11.84,1.96,40.76,3.19,1.55,33.97,1.56,16674.02,21354.38,142.47,0.27,69.35,36.69,5.56,8.52,704.09,,47.43,38.91,70.29,98.82,963.39,857.62,1717.0,1741.7,2792.18,2393.3,2816.37,6.25,1,50.267,-119.272,British Columbia,44600.0
73,Charlottetown,18.53,64.85,7.41,4.45,4.82,2.89,1.72,1.58,2.11,2.28,3.84,3.34,10.0,11.07,13.0,6.65,1.43,6.91,5.49,3.02,3.55,2.96,1.49,12.6,2.41,2.82,13.71,1.48,44.47,5.19,2.22,22.23,1.39,31498.86,22206.82,149.83,0.22,75.7,35.2,9.39,11.12,685.56,22234.49,51.88,27.79,61.14,83.38,925.51,789.85,1352.6,1227.53,2393.3,1563.62,1704.64,4.14,1,46.2403,-63.1347,Prince Edward Island,42602.0
74,Mascouche,12.23,76.71,7.41,4.08,6.67,2.41,1.48,1.28,1.48,1.48,3.71,2.22,19.14,6.67,18.26,1.48,1.48,1.48,2.96,2.96,1.48,2.22,1.53,11.86,2.52,1.48,8.15,2.41,86.34,2.59,1.48,44.47,1.52,15934.72,16800.01,69.48,0.04,45.4,15.32,18.53,8.89,715.21,5929.2,60.22,37.06,65.78,95.42,566.98,518.8,,,2223.45,2223.45,,2.2,0,45.75,-73.6,Quebec,42491.0
75,Salaberry-de-Valleyfield,13.34,66.7,8.15,4.45,4.82,3.39,1.59,1.46,2.59,2.12,3.28,2.67,8.77,9.42,10.38,3.45,1.12,2.43,2.22,1.59,1.75,1.79,2.96,11.12,2.51,1.48,13.34,,,3.15,1.24,31.5,1.4,17846.89,17046.44,115.62,0.41,51.14,,,8.89,978.32,,46.11,20.75,65.86,84.0,,,1037.61,1037.61,,,,7.45,0,45.25,-74.13,Quebec,42410.0
76,Rouyn-Noranda,9.26,59.29,8.52,3.89,4.45,3.09,2.22,1.36,1.76,2.64,3.31,2.59,11.72,8.95,15.96,4.39,1.45,4.0,4.08,2.75,2.0,1.73,1.24,11.12,2.97,2.87,8.89,2.22,25.94,2.96,3.71,,1.57,,17046.44,96.35,0.74,63.0,34.59,0.0,8.89,133.41,,36.81,25.94,93.88,86.96,629.98,518.8,1037.61,864.67,,,,2.95,0,48.2333,-79.0167,Quebec,42334.0
77,Timmins,14.82,59.29,8.89,3.34,4.45,2.78,1.91,1.05,1.99,2.04,2.48,2.49,5.48,9.75,12.85,2.09,1.63,3.14,3.94,1.7,4.01,1.58,1.73,11.12,1.96,2.59,8.89,2.41,59.29,3.45,1.07,31.5,1.52,22605.07,15260.64,144.66,0.56,66.81,80.34,6.18,8.89,815.26,8893.8,44.34,37.06,87.58,108.16,778.21,654.68,1334.07,1111.72,2393.3,2792.18,2964.6,7.27,0,48.4667,-81.3333,Ontario,41788.0
78,Innisfil,14.82,59.29,9.63,4.82,5.37,3.33,1.95,1.53,1.96,2.22,2.43,2.96,8.28,11.92,13.14,3.2,1.26,2.99,3.36,2.81,2.47,2.3,1.48,11.86,1.8,2.47,11.86,,,2.41,1.3,22.23,1.44,18528.74,19623.25,182.1,0.33,66.15,37.06,,10.75,963.49,19673.2,51.88,36.73,69.17,102.73,1334.07,1111.72,2223.45,1852.87,7977.67,,,5.24,0,44.3,-79.5833,Ontario,36566.0
79,Prince Albert,11.12,50.4,8.89,4.45,5.19,2.73,1.99,1.76,1.14,1.66,4.45,2.96,8.4,13.36,14.76,4.56,2.66,3.46,4.38,2.96,2.84,1.6,1.71,19.64,1.86,2.22,10.38,1.85,,2.59,2.22,25.2,1.34,39280.94,22234.49,148.23,0.74,56.33,,22.23,9.12,555.86,11858.4,63.0,,76.89,94.5,592.92,,963.49,963.49,,,,4.11,0,53.2,-105.75,Saskatchewan,35926.0
80,Campbell River,14.82,44.47,8.89,4.45,5.93,3.93,2.08,1.7,3.1,2.5,6.11,3.44,22.16,15.22,18.57,4.77,1.39,3.58,4.0,2.81,2.2,2.47,2.47,11.12,1.48,4.45,11.12,1.85,55.59,2.96,1.29,29.65,1.77,21863.92,24457.94,107.11,0.19,58.37,38.91,11.12,11.12,,18528.74,46.93,46.94,106.54,105.98,1185.84,1053.05,2112.28,1871.4,3442.36,3095.34,2223.45,6.21,0,50.0244,-125.2475,British Columbia,35138.0
81,Spruce Grove,13.34,59.29,9.26,5.56,5.93,3.15,2.59,2.22,2.33,1.57,4.07,3.01,,14.82,,3.71,2.96,3.7,,1.85,,2.2,,6.67,,,,3.71,,5.93,,,1.16,,,121.34,,63.0,40.76,25.2,8.89,,,63.0,,88.94,,,,,,,,,,0,53.545,-113.9008,Alberta,34066.0
82,Moose Jaw,14.82,55.59,8.89,5.19,6.3,3.29,2.16,1.65,1.48,1.91,1.63,3.19,10.28,8.17,10.93,3.15,1.06,2.96,2.88,1.91,1.74,2.22,1.98,11.12,2.98,3.52,12.97,0.93,29.65,2.59,0.56,22.23,1.35,20752.19,20011.04,154.9,0.19,54.66,55.59,48.17,7.41,567.6,7893.24,29.65,25.94,79.67,101.91,,,,,,,1185.84,4.66,0,50.3933,-105.5519,Saskatchewan,33890.0
83,Penticton,13.34,53.73,7.41,4.45,5.93,3.47,1.5,1.48,1.84,2.05,1.48,3.1,14.82,10.17,14.45,2.17,0.77,2.91,2.91,2.02,0.73,2.09,1.76,10.93,2.38,2.22,11.12,1.67,,2.71,1.39,24.46,1.52,18158.17,18405.22,142.92,0.33,53.55,48.79,9.39,11.12,1000.55,7411.5,54.94,44.32,86.71,120.31,1235.25,988.2,2001.1,1778.76,5421.72,3189.88,,6.83,0,49.4911,-119.5886,British Columbia,33761.0
84,Lloydminster,11.12,50.4,8.89,4.45,5.19,2.73,1.99,1.65,1.84,1.66,3.05,3.19,8.4,10.9,10.93,3.15,1.44,3.11,2.88,1.91,1.74,1.6,1.71,11.12,1.86,2.22,11.12,5.93,0.0,2.96,1.45,25.2,1.32,20752.19,20322.33,177.46,0.25,54.66,33.91,18.53,9.12,481.75,7893.24,48.17,41.92,76.89,94.5,555.86,555.86,889.38,889.38,,,,4.11,0,53.2783,-110.005,Saskatchewan,31410.0
85,Orillia,13.34,111.17,10.01,5.19,6.67,4.2,2.72,1.61,2.69,2.34,3.54,2.22,,12.69,,4.69,0.96,3.88,3.97,4.13,3.02,2.79,2.59,10.01,,,9.63,1.93,,2.5,1.24,25.2,1.49,37057.49,33351.74,204.74,,84.0,75.04,51.88,11.12,652.21,,49.16,40.27,98.82,121.05,1037.61,833.79,1852.87,1704.64,,,,,0,44.6,-79.4167,Ontario,31166.0
86,Orangeville,37.06,92.64,14.82,3.78,,3.71,1.11,1.3,1.7,2.72,2.43,4.45,13.0,9.88,,2.13,1.85,3.15,3.95,2.1,2.03,2.22,1.11,,,,12.23,1.48,63.0,3.71,0.93,,1.49,,,203.82,0.37,61.76,44.47,,7.41,1334.07,,42.0,29.65,126.0,185.29,1151.99,,2001.1,,,,3557.52,,0,43.9167,-80.1167,Ontario,30734.0
87,Fort Erie,11.12,59.29,7.23,4.45,5.19,3.15,1.39,1.15,1.79,1.98,2.16,2.58,9.73,9.19,11.13,2.96,1.04,2.55,3.14,0.82,2.15,2.08,1.11,10.86,1.96,2.22,8.27,2.59,55.59,2.59,1.85,25.94,1.49,19739.78,17046.44,110.28,0.68,55.32,48.17,22.23,9.63,592.92,26681.39,51.13,39.84,92.64,103.35,,,,,,,,4.72,0,42.9167,-79.0167,Ontario,30710.0
88,Sept-Iles,15.56,71.15,10.75,,,,,1.48,2.19,3.0,6.98,3.26,12.08,15.56,21.49,5.62,1.68,6.54,4.59,2.43,2.84,2.33,2.22,15.56,,,,,,,,,,,,97.58,0.23,59.04,,,5.93,,,44.47,,103.76,,1185.84,1111.72,1778.76,1482.3,,,,,0,50.2167,-66.3833,Quebec,28534.0
89,Courtenay,18.16,47.8,8.89,4.82,5.93,3.8,1.73,1.77,1.77,1.82,2.66,2.8,12.69,11.52,14.7,3.15,1.56,3.1,2.67,2.69,2.97,1.77,1.92,14.08,2.04,2.22,10.38,1.48,40.76,2.71,1.43,26.9,1.61,22234.49,15966.22,91.93,0.26,60.22,66.7,11.12,9.63,1059.84,2816.37,55.4,32.12,64.85,112.41,1056.14,889.38,2198.74,1704.64,3589.95,2788.09,3732.89,3.73,0,49.6878,-124.9944,British Columbia,25599.0
90,Whitehorse,14.45,55.59,8.52,5.19,5.93,3.71,1.42,1.6,3.37,4.06,5.49,3.14,8.97,17.14,15.87,3.9,2.01,3.21,3.6,1.81,1.93,2.47,3.01,14.82,1.58,1.85,15.56,1.85,45.95,3.15,1.63,25.2,2.34,14822.99,19772.64,138.97,,110.06,42.74,,9.45,,,51.88,37.06,100.06,129.7,1111.72,815.26,1630.53,1482.3,,,3277.36,8.75,0,60.7029,-135.0691,Yukon,25085.0
91,Fort Saskatchewan,29.65,51.88,8.34,5.93,5.93,4.2,2.27,1.73,2.47,2.72,4.56,3.34,10.38,10.13,9.26,4.18,2.04,4.67,3.55,3.95,2.72,2.37,2.41,18.53,1.52,3.34,14.82,1.85,,2.59,2.32,37.06,1.22,20752.19,23716.79,98.15,,71.4,40.52,0.0,11.86,741.15,,54.35,20.38,97.34,92.64,629.98,741.15,1111.72,1241.43,,,4076.32,3.31,0,53.7128,-113.2133,Alberta,24149.0
92,Baie-Comeau,26.31,88.82,11.49,6.66,9.63,4.56,2.04,1.85,1.42,2.47,10.38,3.89,13.7,16.22,26.98,6.76,3.48,11.16,6.52,5.15,5.07,4.44,2.93,23.68,,,18.53,,,,,,,,,157.56,0.21,96.34,73.37,,,,,,,,,2445.79,2297.56,3075.77,2927.54,,,2149.33,4.53,0,49.2167,-68.15,Quebec,21536.0
93,Fort St. John,14.08,42.62,8.15,5.56,6.3,3.71,1.72,1.6,2.16,2.1,3.62,2.47,6.67,8.89,18.53,4.03,0.65,4.22,4.15,3.34,2.28,1.85,3.34,14.82,,,12.23,1.48,59.29,2.04,1.11,25.2,1.32,23346.22,19269.89,77.86,0.24,68.8,54.1,,12.23,370.57,,35.2,35.72,59.29,125.85,716.44,850.47,1315.54,1482.3,,,3387.05,5.47,0,56.2465,-120.8476,British Columbia,20155.0
94,Corner Brook,15.56,92.64,11.12,3.89,5.19,3.95,1.79,1.65,3.18,2.52,11.12,3.31,,9.26,,3.71,2.22,5.19,3.71,2.96,2.96,2.96,2.96,16.68,,,14.82,1.85,,2.04,2.22,,1.49,37057.49,18528.74,118.95,0.37,88.01,65.47,,8.15,778.21,,61.76,25.94,105.43,108.7,592.92,444.69,,,,,1185.84,5.46,0,48.9287,-57.926,Newfoundland and Labrador,19806.0
95,Yellowknife,16.68,111.17,9.63,7.41,7.78,4.45,2.22,2.47,3.29,2.22,3.21,3.25,8.15,9.26,32.61,5.33,1.41,4.63,6.3,5.0,3.33,2.71,3.22,14.82,,,15.38,2.22,51.88,3.52,1.48,25.2,1.45,16675.87,17787.59,248.29,,194.17,106.91,33.35,9.63,833.79,,49.41,34.59,116.11,120.44,1278.48,1139.52,1834.35,1871.4,,,4743.36,4.49,0,62.4709,-114.4053,Northwest Territories,19569.0
96,Squamish,13.34,59.29,7.41,5.93,6.49,2.87,1.5,1.1,1.84,3.06,3.71,3.42,10.38,13.99,14.45,3.08,3.64,4.57,4.24,2.61,2.17,2.61,2.02,12.6,3.15,4.26,11.86,1.57,,2.52,1.39,25.2,1.52,14822.99,14822.99,148.23,0.15,69.42,53.36,19.27,11.12,1148.78,10746.67,69.11,45.21,88.75,109.13,1469.95,1247.6,2594.02,2371.68,,6789.0,2223.45,6.83,0,49.7017,-123.1589,British Columbia,19512.0
97,Riviere-du-Loup,,,,,,,,,1.48,1.48,1.48,1.85,,,,,,,,,,2.22,,11.12,,,,,,,,,,,,59.29,,51.88,,5.93,7.41,,,66.7,74.11,59.29,85.23,,,,,,,,2.13,0,47.8333,-69.5333,Quebec,19447.0
98,Cobourg,,51.88,8.15,4.17,5.28,2.5,1.92,1.48,1.47,1.85,1.4,3.18,5.93,5.03,4.45,2.37,1.19,3.4,2.88,1.4,2.96,1.39,1.47,8.89,1.3,1.56,12.97,2.13,92.64,4.35,1.02,33.35,1.49,16580.63,16044.04,170.46,,38.29,50.03,,9.63,1037.61,19825.76,88.94,59.29,88.94,163.05,1407.69,2234.57,4211.95,1852.87,,555.86,,2.0,0,43.9667,-78.1667,Ontario,19440.0
99,Cranbrook,,,7.41,5.56,4.72,3.52,1.15,1.27,1.45,1.96,2.85,3.48,14.82,8.34,,4.79,0.9,5.62,4.67,3.47,2.17,3.08,3.73,11.12,,5.93,10.75,2.22,26.68,7.41,1.84,16.31,1.57,15193.57,16305.29,169.17,0.25,57.44,38.85,5.56,8.89,667.03,12601.77,55.34,57.32,90.66,101.29,839.97,815.26,1667.59,1593.47,,,2766.96,4.42,0,49.5097,-115.7667,British Columbia,19259.0
100,Salmon Arm,,,6.66,4.45,4.26,3.89,1.47,0.93,2.22,2.22,8.89,2.96,,18.53,,2.22,1.48,2.22,3.71,2.22,2.22,2.96,2.22,18.53,,,14.82,2.22,66.7,2.96,1.11,22.23,1.6,18528.74,18528.74,189.92,0.13,50.03,37.06,0.0,9.26,667.03,2964.6,46.2,29.65,74.11,74.11,1297.01,1297.01,1852.87,1852.87,,,,2.0,0,50.7022,-119.2722,British Columbia,17706.0
101,Midland,,,8.89,4.45,5.93,2.96,1.48,1.48,,,,,,,,,,,,,,,,,,,,,,,,,,,,,,,,,,,,,,,,,,,,,,,,0,44.75,-79.8833,Ontario,16864.0
102,Swift Current,,,,,,,,,1.11,2.03,,2.96,,,,,1.29,,3.25,,,,2.22,,,,,2.22,,5.93,,,1.3,,,,,74.11,37.06,,,,,66.7,,,,,,815.26,,,,,5.0,0,50.2881,-107.7939,Saskatchewan,16604.0
103,Yorkton,14.82,29.65,8.89,3.71,4.82,2.78,1.67,1.65,1.58,1.91,3.05,2.78,10.28,10.9,10.93,3.15,1.44,3.11,2.88,1.91,1.14,1.11,0.64,7.41,2.98,3.52,12.97,1.48,44.47,2.96,1.45,22.23,1.35,20752.19,20322.33,210.42,0.25,54.66,25.94,22.23,11.86,567.6,7893.24,48.17,41.92,83.17,109.32,,,,,,,,4.66,0,51.2139,-102.4628,Saskatchewan,16343.0
104,Comox,18.16,74.11,8.71,3.71,5.93,3.71,1.73,1.16,1.26,1.91,2.66,3.3,12.69,11.52,14.7,3.15,1.43,3.44,3.49,2.78,1.99,1.77,1.27,14.08,2.12,2.22,11.86,1.48,40.76,2.71,1.43,26.9,1.58,22234.49,15966.22,91.93,0.26,62.95,44.47,0.0,10.75,1059.84,2816.37,55.59,32.12,64.85,114.61,1250.69,1334.07,1852.87,1593.47,,,3088.12,3.73,0,49.6733,-124.9022,British Columbia,14828.0
105,Summerside,11.86,59.29,8.89,4.45,5.93,3.36,1.64,1.37,2.1,2.22,5.37,2.74,6.3,11.73,13.14,4.85,1.41,3.53,4.24,2.0,2.32,2.28,1.42,11.12,2.94,3.22,10.55,,,3.71,1.56,25.2,1.37,22234.49,21863.73,74.11,0.06,74.95,37.06,,10.19,541.04,22234.49,48.74,26.68,75.48,123.52,778.21,574.39,1334.07,1111.72,,,,6.55,0,46.4,-63.7833,Prince Edward Island,14829.0
106,Canmore,16.31,129.7,7.41,5.56,6.67,4.08,1.9,1.74,2.03,2.71,5.04,3.23,11.86,14.48,23.72,4.69,1.67,3.87,5.5,3.43,3.96,2.59,2.27,13.34,2.96,3.71,12.23,1.48,33.35,5.56,2.96,,1.41,19750.16,12005.14,184.05,0.22,76.59,67.94,33.35,7.41,963.49,,66.7,59.29,83.38,111.17,1420.54,1309.36,2408.74,2371.68,4987.32,,1778.76,7.0,0,51.089,-115.359,Alberta,13992.0
107,Powell River,18.53,55.59,9.26,5.93,8.15,3.52,1.76,2.49,1.73,2.39,4.88,4.08,18.06,8.94,7.04,4.82,2.17,4.56,4.94,3.34,3.83,2.78,2.28,10.75,3.71,7.41,11.12,1.85,22.23,2.11,1.84,29.65,1.64,,,96.24,,60.53,52.62,0.0,8.89,,,41.69,38.91,75.04,91.41,926.44,926.44,1408.18,1383.48,3988.83,3191.07,2816.37,6.25,0,49.8353,-124.5247,British Columbia,13157.0
108,Truro,18.53,64.85,7.41,4.45,4.82,2.89,1.72,1.58,2.11,2.22,0.93,3.15,8.89,11.07,13.0,0.74,1.43,5.15,1.11,0.74,0.74,1.85,0.67,11.12,2.41,3.71,13.71,5.93,,2.22,2.22,18.53,1.39,13790.06,12723.61,149.83,0.22,75.7,129.7,11.12,5.93,685.56,22234.49,48.17,27.79,59.29,59.29,,,815.26,,,,,1.69,0,45.3647,-63.28,Nova Scotia,12826.0
109,Prince Rupert,,40.76,9.26,4.45,5.19,2.59,1.48,0.74,1.71,2.96,,2.61,,5.19,,,,,,,,2.22,0.74,12.97,,,11.12,1.67,,3.34,2.96,25.2,1.6,22234.49,21847.12,196.4,0.2,44.47,55.59,7.41,8.89,889.38,,50.03,27.79,70.16,80.29,1259.95,1185.84,1556.41,1778.76,,,,,0,54.3122,-130.3271,British Columbia,12220.0
110,Whistler,14.82,74.11,8.89,5.19,5.93,3.83,1.67,1.5,3.1,2.67,3.85,3.46,9.81,13.46,12.78,2.78,1.61,3.2,5.99,1.25,1.83,2.52,2.72,14.82,3.92,4.79,11.86,1.85,37.06,2.43,1.48,24.87,1.6,22234.49,17984.93,83.32,0.22,56.05,58.4,11.12,11.12,889.38,11858.4,49.1,29.18,83.38,95.11,1982.58,1630.53,3798.39,2871.96,,,1334.07,6.03,0,50.1208,-122.9544,British Columbia,11854.0
111,Williams Lake,,,,,,,,,4.81,2.64,1.52,3.66,,11.48,,1.25,0.51,1.32,1.96,1.99,2.13,1.47,2.66,22.95,2.65,2.22,9.97,1.3,,4.45,1.38,29.65,1.56,22234.49,20011.04,55.59,0.19,44.47,,22.23,,,,59.28,111.17,92.64,240.87,741.15,1092.36,1191.66,1191.66,,,,,0,52.1294,-122.1383,British Columbia,10753.0
112,Sechelt,3.71,74.11,5.56,3.71,5.19,3.34,1.57,1.48,1.77,2.76,7.18,3.52,13.32,18.16,15.93,3.65,1.94,3.54,3.96,3.64,1.82,2.09,1.85,11.12,2.12,2.22,11.49,1.48,,2.71,1.7,29.65,1.6,25262.09,37057.49,79.01,0.37,72.26,37.98,44.47,11.12,963.49,2816.37,81.53,43.23,79.06,103.76,1259.95,1111.72,2001.1,1630.53,,,,5.32,0,49.4742,-123.7542,British Columbia,10200.0
113,Castlegar,24.09,66.7,9.26,4.45,5.19,3.15,2.03,1.38,0.84,1.85,2.59,3.4,11.12,,16.33,1.96,,2.43,4.56,0.82,,1.4,,,4.01,3.34,11.67,1.76,,3.52,,,1.6,14081.85,20381.62,164.23,,72.63,33.35,,9.63,,,66.7,,75.97,59.29,1278.48,982.02,1408.18,1482.3,,,3186.94,3.4,0,49.3256,-117.6661,British Columbia,8039.0
114,Banff,24.09,111.17,7.41,5.56,6.3,4.08,1.9,1.74,2.03,2.56,5.04,3.42,12.59,14.48,30.63,4.69,1.67,5.26,5.49,4.21,3.96,3.49,3.59,13.34,3.04,3.86,14.82,1.48,48.17,5.56,2.96,19.27,1.39,25940.24,22234.49,204.74,0.33,76.89,66.7,29.65,9.63,870.85,,61.14,59.29,100.06,129.7,1358.77,1482.3,2346.97,2371.68,5301.28,,3211.65,6.58,0,51.1781,-115.5719,Alberta,7847.0
115,Peace River,14.08,42.62,8.15,5.56,6.3,4.29,1.82,1.86,2.24,2.52,3.62,3.81,6.67,8.89,,4.08,0.65,,,,,1.85,,,,,14.82,,,7.41,1.11,,1.32,,,77.86,,69.48,,,12.97,,,35.2,,59.29,,,,,,,,,5.47,0,56.2339,-117.2897,Alberta,6842.0
116,Parry Sound,,,8.89,5.93,5.93,3.15,2.41,1.67,1.65,1.83,1.85,2.59,13.34,,,,1.1,,,,,,,10.0,1.85,2.15,11.12,,,,,,1.44,,,,,,,,,,,,,,,815.26,741.15,993.05,,,,,,0,45.3333,-80.0333,Ontario,6408.0
117,La Ronge,,37.06,8.89,4.45,4.82,2.22,1.85,1.48,1.85,1.85,5.93,2.52,9.63,9.05,9.8,3.7,2.22,3.7,2.96,4.44,2.22,0.73,0.93,11.49,,4.82,11.49,,,3.71,2.96,40.76,,20752.19,17787.59,188.99,,50.03,38.91,,9.45,296.46,,33.35,37.06,74.11,63.0,592.92,592.92,741.15,741.15,,,,2.64,0,55.1,-105.3,Saskatchewan,5671.0
118,Flin Flon,,,11.12,4.45,5.19,,2.22,1.48,3.59,2.22,2.96,4.82,7.41,9.26,11.12,5.93,4.45,5.93,4.82,4.08,3.34,2.22,2.59,8.89,,,14.82,1.48,,3.71,,37.06,1.45,,,111.17,,76.59,51.88,37.06,,,,,,,,,589.21,,,,,,,0,54.7667,-101.8778,Saskatchewan,5185.0
119,Iqaluit,29.65,74.27,13.71,6.67,8.89,3.71,3.52,4.08,2.53,2.95,6.86,3.71,8.8,11.88,11.44,5.93,3.86,6.42,3.84,3.59,3.84,3.35,4.01,14.82,,,14.82,6.3,,5.93,,,,,,259.4,0.07,84.0,71.64,,10.01,,,,,,,,,2964.6,2964.6,,,,6.53,0,63.7598,-68.5107,Nunavut,7740.0
